beta,gamma,reproduction_number,s0,i0,r0,max_infected,time_to_peak,final_removed,max_population_deviation
0.15,0.05,2.9999999999999996,0.99,0.01,0.0,0.3038128585095146,53.2,0.7005096623397918,1.1102230246251565e-15
0.15,0.05,2.9999999999999996,0.972,0.028000000000000004,0.0,0.3099277615730036,42.400000000000006,0.7830982797251497,4.440892098500626e-16
0.15,0.05,2.9999999999999996,0.954,0.046000000000000006,0.0,0.31616068792878244,36.800000000000004,0.8151160445446377,1.2212453270876722e-15
0.15,0.05,2.9999999999999996,0.9359999999999999,0.064,0.0,0.3225097590398079,33.0,0.8343093029489396,4.440892098500626e-16
0.15,0.05,2.9999999999999996,0.918,0.082,0.0,0.3289805186364229,30.0,0.8478432644324561,4.440892098500626e-16
0.15,0.05,2.9999999999999996,0.9,0.1,0.0,0.3355814887259496,27.6,0.8582533930284464,5.551115123125783e-16
0.15,0.1,1.4999999999999998,0.99,0.01,0.0,0.06972376941933625,65.2,0.36353904148959254,4.440892098500626e-16
0.15,0.1,1.4999999999999998,0.972,0.028000000000000004,0.0,0.08195635234517927,42.2,0.49837276987032897,8.881784197001252e-16
0.15,0.1,1.4999999999999998,0.954,0.046000000000000006,0.0,0.09441820022510963,31.6,0.5554725685028468,9.992007221626409e-16
0.15,0.1,1.4999999999999998,0.9359999999999999,0.064,0.0,0.10711716401546738,24.8,0.5916955249917694,4.440892098500626e-16
0.15,0.1,1.4999999999999998,0.918,0.082,0.0,0.12006246901583019,20.0,0.6186645052125335,4.440892098500626e-16
0.15,0.1,1.4999999999999998,0.9,0.1,0.0,0.1332640661212295,16.400000000000002,0.6405048981077427,8.881784197001252e-16
0.15,0.15000000000000002,0.9999999999999998,0.99,0.01,0.0,0.01,0.0,0.09355189729136047,9.992007221626409e-16
0.15,0.15000000000000002,0.9999999999999998,0.972,0.028000000000000004,0.0,0.028000000000000004,0.0,0.19443405541098133,8.881784197001252e-16
0.15,0.15000000000000002,0.9999999999999998,0.954,0.046000000000000006,0.0,0.046000000000000006,0.0,0.26043709343301263,1.1102230246251565e-15
0.15,0.15000000000000002,0.9999999999999998,0.9359999999999999,0.064,0.0,0.064,0.0,0.31045149539865247,4.440892098500626e-16
0.15,0.15000000000000002,0.9999999999999998,0.918,0.082,0.0,0.082,0.0,0.3513598302504131,1.3322676295501878e-15
0.15,0.15000000000000002,0.9999999999999998,0.9,0.1,0.0,0.1,0.0,0.3863743108838861,1.1102230246251565e-15
0.15,0.2,0.7499999999999999,0.99,0.01,0.0,0.01,0.0,0.036887876081776697,4.440892098500626e-16
0.15,0.2,0.7499999999999999,0.972,0.028000000000000004,0.0,0.028000000000000004,0.0,0.09391572137491727,8.881784197001252e-16
0.15,0.2,0.7499999999999999,0.954,0.046000000000000006,0.0,0.046000000000000006,0.0,0.1425357634415745,4.440892098500626e-16
0.15,0.2,0.7499999999999999,0.9359999999999999,0.064,0.0,0.064,0.0,0.18526233326063243,8.881784197001252e-16
0.15,0.2,0.7499999999999999,0.918,0.082,0.0,0.082,0.0,0.2235979668139323,6.661338147750939e-16
0.15,0.2,0.7499999999999999,0.9,0.1,0.0,0.1,0.0,0.2585148084200025,6.661338147750939e-16
0.15,0.25,0.6,0.99,0.01,0.0,0.01,0.0,0.02436492224890373,6.661338147750939e-16
0.15,0.25,0.6,0.972,0.028000000000000004,0.0,0.028000000000000004,0.0,0.06539556219475887,8.881784197001252e-16
0.15,0.25,0.6,0.954,0.046000000000000006,0.0,0.046000000000000006,0.0,0.10336228125958535,1.3322676295501878e-15
0.15,0.25,0.6,0.9359999999999999,0.064,0.0,0.064,0.0,0.13877445462204413,1.7763568394002505e-15
0.15,0.25,0.6,0.918,0.082,0.0,0.082,0.0,0.1720170026690656,6.661338147750939e-16
0.15,0.25,0.6,0.9,0.1,0.0,0.1,0.0,0.20338883965404048,7.771561172376096e-16
0.15,0.3,0.5,0.99,0.01,0.0,0.01,0.0,0.01970386447404533,9.992007221626409e-16
0.15,0.3,0.5,0.972,0.028000000000000004,0.0,0.028000000000000004,0.0,0.053793422796998745,4.440892098500626e-16
0.15,0.3,0.5,0.954,0.046000000000000006,0.0,0.046000000000000006,0.0,0.08627739955115599,6.661338147750939e-16
0.15,0.3,0.5,0.9359999999999999,0.064,0.0,0.064,0.0,0.11732783401098305,1.3322676295501878e-15
0.15,0.3,0.5,0.918,0.082,0.0,0.082,0.0,0.14708847293872312,1.1102230246251565e-15
0.15,0.3,0.5,0.9,0.1,0.0,0.1,0.0,0.17568204809428564,9.992007221626409e-16
0.24285714285714285,0.05,4.857142857142857,0.99,0.01,0.0,0.47079550301147866,31.6,0.916305359781676,5.551115123125783e-16
0.24285714285714285,0.05,4.857142857142857,0.972,0.028000000000000004,0.0,0.47457111226362314,26.0,0.9339653148580749,4.440892098500626e-16
0.24285714285714285,0.05,4.857142857142857,0.954,0.046000000000000006,0.0,0.47841733463880665,23.200000000000003,0.9412406182759787,8.881784197001252e-16
0.24285714285714285,0.05,4.857142857142857,0.9359999999999999,0.064,0.0,0.48233830716391063,21.400000000000002,0.9457419224563877,4.440892098500626e-16
0.24285714285714285,0.05,4.857142857142857,0.918,0.082,0.0,0.48633520452829204,19.8,0.9489776647935485,1.3322676295501878e-15
0.24285714285714285,0.05,4.857142857142857,0.9,0.1,0.0,0.49041496261713663,18.6,0.951497688966789,8.881784197001252e-16
0.24285714285714285,0.1,2.4285714285714284,0.99,0.01,0.0,0.22701095943496657,34.2,0.8560676308541552,8.881784197001252e-16
0.24285714285714285,0.1,2.4285714285714284,0.972,0.028000000000000004,0.0,0.23456529680693117,26.400000000000002,0.8713737970048288,1.2212453270876722e-15
0.24285714285714285,0.1,2.4285714285714284,0.954,0.046000000000000006,0.0,0.2422567092857046,22.6,0.8784501081307833,8.881784197001252e-16
0.24285714285714285,0.1,2.4285714285714284,0.9359999999999999,0.064,0.0,0.2501050029929355,19.8,0.8835950222701705,8.881784197001252e-16
0.24285714285714285,0.1,2.4285714285714284,0.918,0.082,0.0,0.2580986900706516,17.8,0.8878975492522567,5.551115123125783e-16
0.24285714285714285,0.1,2.4285714285714284,0.9,0.1,0.0,0.2662518703892358,16.0,0.8917289020542407,8.881784197001252e-16
0.24285714285714285,0.15000000000000002,1.6190476190476188,0.99,0.01,0.0,0.0909563881728305,39.0,0.6217128092847692,8.881784197001252e-16
0.24285714285714285,0.15000000000000002,1.6190476190476188,0.972,0.028000000000000004,0.0,0.10228949082236061,26.6,0.6580141849982465,1.1102230246251565e-15
0.24285714285714285,0.15000000000000002,1.6190476190476188,0.954,0.046000000000000006,0.0,0.11383467235303406,20.6,0.6768448841277711,1.3322676295501878e-15
0.24285714285714285,0.15000000000000002,1.6190476190476188,0.9359999999999999,0.064,0.0,0.12560034827557648,16.8,0.6915827929523963,8.881784197001252e-16
0.24285714285714285,0.15000000000000002,1.6190476190476188,0.918,0.082,0.0,0.13758992023566907,14.0,0.704399619236287,4.440892098500626e-16
0.24285714285714285,0.15000000000000002,1.6190476190476188,0.9,0.1,0.0,0.149821227314807,11.8,0.71603681283862,9.992007221626409e-16
0.24285714285714285,0.2,1.2142857142857142,0.99,0.01,0.0,0.02485427458509529,40.400000000000006,0.3050495521132233,1.1102230246251565e-15
0.24285714285714285,0.2,1.2142857142857142,0.972,0.028000000000000004,0.0,0.039965308973347984,19.200000000000003,0.3911842801787193,1.1102230246251565e-15
0.24285714285714285,0.2,1.2142857142857142,0.954,0.046000000000000006,0.0,0.05535899596474974,11.600000000000001,0.4358284585210336,8.881784197001252e-16
0.24285714285714285,0.2,1.2142857142857142,0.9359999999999999,0.064,0.0,0.07104506006290874,7.6000000000000005,0.4693632916993815,8.881784197001252e-16
0.24285714285714285,0.2,1.2142857142857142,0.918,0.082,0.0,0.08703688436229334,5.2,0.4973977584517135,5.551115123125783e-16
0.24285714285714285,0.2,1.2142857142857142,0.9,0.1,0.0,0.10334505810574751,3.6,0.5219715116186316,1.3322676295501878e-15
0.24285714285714285,0.25,0.9714285714285714,0.99,0.01,0.0,0.01,0.0,0.10180961935809232,5.551115123125783e-16
0.24285714285714285,0.25,0.9714285714285714,0.972,0.028000000000000004,0.0,0.028000000000000004,0.0,0.19470386904541534,9.992007221626409e-16
0.24285714285714285,0.25,0.9714285714285714,0.954,0.046000000000000006,0.0,0.046000000000000006,0.0,0.2546590866880823,1.3322676295501878e-15
0.24285714285714285,0.25,0.9714285714285714,0.9359999999999999,0.064,0.0,0.064,0.0,0.3012262430874077,4.440892098500626e-16
0.24285714285714285,0.25,0.9714285714285714,0.918,0.082,0.0,0.082,0.0,0.34022463426631155,7.771561172376096e-16
0.24285714285714285,0.25,0.9714285714285714,0.9,0.1,0.0,0.1,0.0,0.37421663660737997,6.661338147750939e-16
0.24285714285714285,0.3,0.8095238095238095,0.99,0.01,0.0,0.01,0.0,0.04661454641969598,8.881784197001252e-16
0.24285714285714285,0.3,0.8095238095238095,0.972,0.028000000000000004,0.0,0.028000000000000004,0.0,0.11274263703720327,6.661338147750939e-16
0.24285714285714285,0.3,0.8095238095238095,0.954,0.046000000000000006,0.0,0.046000000000000006,0.0,0.16579206262059376,8.881784197001252e-16
0.24285714285714285,0.3,0.8095238095238095,0.9359999999999999,0.064,0.0,0.064,0.0,0.21086800671031974,4.440892098500626e-16
0.24285714285714285,0.3,0.8095238095238095,0.918,0.082,0.0,0.082,0.0,0.25046350301897263,1.5543122344752192e-15
0.24285714285714285,0.3,0.8095238095238095,0.9,0.1,0.0,0.1,0.0,0.28600669129276185,4.440892098500626e-16
0.33571428571428574,0.05,6.714285714285714,0.99,0.01,0.0,0.5689447956674667,22.8,0.9535071482461978,6.661338147750939e-16
0.33571428571428574,0.05,6.714285714285714,0.972,0.028000000000000004,0.0,0.5716643236652958,19.0,0.961064377740358,6.661338147750939e-16
0.33571428571428574,0.05,6.714285714285714,0.954,0.046000000000000006,0.0,0.5744612169524387,17.2,0.964308539904707,6.661338147750939e-16
0.33571428571428574,0.05,6.714285714285714,0.9359999999999999,0.064,0.0,0.5772883734967299,16.0,0.9663475071309358,8.881784197001252e-16
0.33571428571428574,0.05,6.714285714285714,0.918,0.082,0.0,0.5801858313535992,15.0,0.9678233912310443,5.551115123125783e-16
0.33571428571428574,0.05,6.714285714285714,0.9,0.1,0.0,0.5831333919872861,14.200000000000001,0.9689755887091761,1.3322676295501878e-15
0.33571428571428574,0.1,3.357142857142857,0.99,0.01,0.0,0.34435461505034254,23.400000000000002,0.9547776700068012,5.551115123125783e-16
0.33571428571428574,0.1,3.357142857142857,0.972,0.028000000000000004,0.0,0.34982313562016554,18.8,0.9575708594060611,8.881784197001252e-16
0.33571428571428574,0.1,3.357142857142857,0.954,0.046000000000000006,0.0,0.3553788610525406,16.6,0.9591318290735824,6.661338147750939e-16
0.33571428571428574,0.1,3.357142857142857,0.9359999999999999,0.064,0.0,0.361052498332256,15.0,0.9603824009137268,6.661338147750939e-16
0.33571428571428574,0.1,3.357142857142857,0.918,0.082,0.0,0.36683802744904437,13.600000000000001,0.9614935249294719,9.992007221626409e-16
0.33571428571428574,0.1,3.357142857142857,0.9,0.1,0.0,0.3727420569238875,12.600000000000001,0.9625254165865891,6.661338147750939e-16
0.33571428571428574,0.15000000000000002,2.238095238095238,0.99,0.01,0.0,0.19771405576296427,25.200000000000003,0.8503556992632858,1.1102230246251565e-15
0.33571428571428574,0.15000000000000002,2.238095238095238,0.972,0.028000000000000004,0.0,0.2059129608241525,19.200000000000003,0.8557609787913547,6.661338147750939e-16
0.33571428571428574,0.15000000000000002,2.238095238095238,0.954,0.046000000000000006,0.0,0.21426502504486283,16.2,0.8600891135251496,4.440892098500626e-16
0.33571428571428574,0.15000000000000002,2.238095238095238,0.9359999999999999,0.064,0.0,0.22276659146675606,14.200000000000001,0.8641136061763978,8.881784197001252e-16
0.33571428571428574,0.15000000000000002,2.238095238095238,0.918,0.082,0.0,0.2314443494168581,12.600000000000001,0.8679684382420975,4.440892098500626e-16
0.33571428571428574,0.15000000000000002,2.238095238095238,0.9,0.1,0.0,0.24029830635394503,11.200000000000001,0.8717011467241711,1.5543122344752192e-15
0.33571428571428574,0.2,1.6785714285714286,0.99,0.01,0.0,0.10168109186401597,27.8,0.6836231102053043,8.881784197001252e-16
0.33571428571428574,0.2,1.6785714285714286,0.972,0.028000000000000004,0.0,0.11261046207655206,19.400000000000002,0.6979825616149211,8.881784197001252e-16
0.33571428571428574,0.2,1.6785714285714286,0.954,0.046000000000000006,0.0,0.1237449288645883,15.200000000000001,0.7096499533331374,6.661338147750939e-16
0.33571428571428574,0.2,1.6785714285714286,0.9359999999999999,0.064,0.0,0.13508729902152833,12.600000000000001,0.7203499194413381,6.661338147750939e-16
0.33571428571428574,0.2,1.6785714285714286,0.918,0.082,0.0,0.14665483221786857,10.600000000000001,0.7304001462229204,1.1102230246251565e-15
0.33571428571428574,0.2,1.6785714285714286,0.9,0.1,0.0,0.15845660208303,9.0,0.7399351338132929,6.661338147750939e-16
0.33571428571428574,0.25,1.342857142857143,0.99,0.01,0.0,0.043272143584351525,30.200000000000003,0.47029861146367713,5.551115123125783e-16
0.33571428571428574,0.25,1.342857142857143,0.972,0.028000000000000004,0.0,0.0569371943337102,17.400000000000002,0.5072444595315052,1.1102230246251565e-15
0.33571428571428574,0.25,1.342857142857143,0.954,0.046000000000000006,0.0,0.07085655215996046,12.0,0.5337160230955074,9.992007221626409e-16
0.33571428571428574,0.25,1.342857142857143,0.9359999999999999,0.064,0.0,0.08504097882023541,8.8,0.5564202845238382,1.1102230246251565e-15
0.33571428571428574,0.25,1.342857142857143,0.918,0.082,0.0,0.09949895242754217,6.6000000000000005,0.5767357240348031,8.881784197001252e-16
0.33571428571428574,0.25,1.342857142857143,0.9,0.1,0.0,0.11424641614965127,5.2,0.5952871127002695,8.881784197001252e-16
0.33571428571428574,0.3,1.1190476190476193,0.99,0.01,0.0,0.01485190262067794,23.400000000000002,0.2430553191926688,8.881784197001252e-16
0.33571428571428574,0.3,1.1190476190476193,0.972,0.028000000000000004,0.0,0.031248707507102298,8.4,0.31983207417427667,1.7763568394002505e-15
0.33571428571428574,0.3,1.1190476190476193,0.954,0.046000000000000006,0.0,0.04795196319913523,4.2,0.3673589344928419,1.3322676295501878e-15
0.33571428571428574,0.3,1.1190476190476193,0.9359999999999999,0.064,0.0,0.06497362587850886,2.2,0.40501878770365646,6.661338147750939e-16
0.33571428571428574,0.3,1.1190476190476193,0.918,0.082,0.0,0.0823266055178528,1.0,0.4370440973651926,8.881784197001252e-16
0.33571428571428574,0.3,1.1190476190476193,0.9,0.1,0.0,0.10002264084850496,0.2,0.4652527430445139,1.3322676295501878e-15
0.4285714285714286,0.05,8.571428571428571,0.99,0.01,0.0,0.6338449777722677,18.0,0.9645311105087802,7.771561172376096e-16
0.4285714285714286,0.05,8.571428571428571,0.972,0.028000000000000004,0.0,0.6359842770452769,15.200000000000001,0.9690660277503232,7.771561172376096e-16
0.4285714285714286,0.05,8.571428571428571,0.954,0.046000000000000006,0.0,0.6381673317220905,13.8,0.9710618890090705,6.661338147750939e-16
0.4285714285714286,0.05,8.571428571428571,0.9359999999999999,0.064,0.0,0.6403933760930859,12.8,0.9723296384134724,1.1102230246251565e-15
0.4285714285714286,0.05,8.571428571428571,0.918,0.082,0.0,0.642630623972723,12.0,0.9732524382925205,1.5543122344752192e-15
0.4285714285714286,0.05,8.571428571428571,0.9,0.1,0.0,0.6449432662844145,11.4,0.9739750288871777,7.771561172376096e-16
0.4285714285714286,0.1,4.285714285714286,0.99,0.01,0.0,0.4294276867257201,18.0,0.9831557171293974,6.661338147750939e-16
0.4285714285714286,0.1,4.285714285714286,0.972,0.028000000000000004,0.0,0.4336885757703315,14.8,0.9840624017052945,4.440892098500626e-16
0.4285714285714286,0.1,4.285714285714286,0.954,0.046000000000000006,0.0,0.43804106382436914,13.0,0.9845926856085917,4.440892098500626e-16
0.4285714285714286,0.1,4.285714285714286,0.9359999999999999,0.064,0.0,0.4425068580553336,12.0,0.9850240231701831,4.440892098500626e-16
0.4285714285714286,0.1,4.285714285714286,0.918,0.082,0.0,0.4470183882573493,11.0,0.9854103348362551,4.440892098500626e-16
0.4285714285714286,0.1,4.285714285714286,0.9,0.1,0.0,0.4516612272224825,10.4,0.9857709708199848,5.551115123125783e-16
0.4285714285714286,0.15000000000000002,2.8571428571428568,0.99,0.01,0.0,0.2860638069577451,18.8,0.9301925316962508,1.1102230246251565e-15
0.4285714285714286,0.15000000000000002,2.8571428571428568,0.972,0.028000000000000004,0.0,0.2924808446632837,14.8,0.931955762189136,5.551115123125783e-16
0.4285714285714286,0.15000000000000002,2.8571428571428568,0.954,0.046000000000000006,0.0,0.2990192167574973,12.8,0.9335765528927664,1.3322676295501878e-15
0.4285714285714286,0.15000000000000002,2.8571428571428568,0.9359999999999999,0.064,0.0,0.3056720745453022,11.4,0.9351515022874444,6.661338147750939e-16
0.4285714285714286,0.15000000000000002,2.8571428571428568,0.918,0.082,0.0,0.31248840330951455,10.4,0.9366983490466576,6.661338147750939e-16
0.4285714285714286,0.15000000000000002,2.8571428571428568,0.9,0.1,0.0,0.31941852725710984,9.600000000000001,0.9382233517086714,1.9984014443252818e-15
0.4285714285714286,0.2,2.142857142857143,0.99,0.01,0.0,0.18234847118348746,20.0,0.8340432417972635,4.440892098500626e-16
0.4285714285714286,0.2,2.142857142857143,0.972,0.028000000000000004,0.0,0.1908966657628492,15.200000000000001,0.8388241379008207,5.551115123125783e-16
0.4285714285714286,0.2,2.142857142857143,0.954,0.046000000000000006,0.0,0.19963138759937823,12.600000000000001,0.8433773895385612,8.881784197001252e-16
0.4285714285714286,0.2,2.142857142857143,0.9359999999999999,0.064,0.0,0.2085160740328832,11.0,0.8477986454242393,8.881784197001252e-16
0.4285714285714286,0.2,2.142857142857143,0.918,0.082,0.0,0.21757748067570687,9.600000000000001,0.8521088875111271,6.661338147750939e-16
0.4285714285714286,0.2,2.142857142857143,0.9,0.1,0.0,0.22682477040252128,8.6,0.8563184641087676,4.440892098500626e-16
0.4285714285714286,0.25,1.7142857142857144,0.99,0.01,0.0,0.10811107219906126,21.6,0.7032039313832424,8.881784197001252e-16
0.4285714285714286,0.25,1.7142857142857144,0.972,0.028000000000000004,0.0,0.11881316205113739,15.200000000000001,0.7141786750939947,7.771561172376096e-16
0.4285714285714286,0.25,1.7142857142857144,0.954,0.046000000000000006,0.0,0.12971534879770705,12.0,0.7243693360513855,4.440892098500626e-16
0.4285714285714286,0.25,1.7142857142857144,0.9359999999999999,0.064,0.0,0.14082474415450374,10.0,0.734029818912332,8.881784197001252e-16
0.4285714285714286,0.25,1.7142857142857144,0.918,0.082,0.0,0.15215489325248666,8.4,0.7432423102439286,8.881784197001252e-16
0.4285714285714286,0.25,1.7142857142857144,0.9,0.1,0.0,0.1637066487950313,7.2,0.7520597936545863,4.440892098500626e-16
0.4285714285714286,0.3,1.4285714285714288,0.99,0.01,0.0,0.0573650632568275,23.200000000000003,0.5451706817683251,1.1102230246251565e-15
0.4285714285714286,0.3,1.4285714285714288,0.972,0.028000000000000004,0.0,0.07020666969154392,14.4,0.5682434740664842,1.1102230246251565e-15
0.4285714285714286,0.3,1.4285714285714288,0.954,0.046000000000000006,0.0,0.083289264935747,10.4,0.5882374025788689,5.551115123125783e-16
0.4285714285714286,0.3,1.4285714285714288,0.9359999999999999,0.064,0.0,0.0966233071175144,8.0,0.6063516514383166,6.661338147750939e-16
0.4285714285714286,0.3,1.4285714285714288,0.918,0.082,0.0,0.11020948630539577,6.4,0.6230158700487403,3.3306690738754696e-16
0.4285714285714286,0.3,1.4285714285714288,0.9,0.1,0.0,0.12407371990127587,5.0,0.6384996655176813,4.440892098500626e-16
0.5214285714285715,0.05,10.428571428571429,0.99,0.01,0.0,0.6802039824785578,14.8,0.9693255504299664,1.1102230246251565e-15
0.5214285714285715,0.05,10.428571428571429,0.972,0.028000000000000004,0.0,0.6820005921143227,12.600000000000001,0.9725223420446436,6.661338147750939e-16
0.5214285714285715,0.05,10.428571428571429,0.954,0.046000000000000006,0.0,0.6837736562472211,11.600000000000001,0.9739532368515593,6.661338147750939e-16
0.5214285714285715,0.05,10.428571428571429,0.9359999999999999,0.064,0.0,0.6856249891674472,10.8,0.9748694312468599,4.440892098500626e-16
0.5214285714285715,0.05,10.428571428571429,0.918,0.082,0.0,0.6874917192270426,10.200000000000001,0.9755396327451888,1.1102230246251565e-15
0.5214285714285715,0.05,10.428571428571429,0.9,0.1,0.0,0.6893336794324707,9.8,0.9760661785574739,7.771561172376096e-16
0.5214285714285715,0.1,5.214285714285714,0.99,0.01,0.0,0.49336174048759,14.600000000000001,0.9930914770534597,3.3306690738754696e-16
0.5214285714285715,0.1,5.214285714285714,0.972,0.028000000000000004,0.0,0.4969211887160462,12.200000000000001,0.9934942220052474,4.440892098500626e-16
0.5214285714285715,0.1,5.214285714285714,0.954,0.046000000000000006,0.0,0.5004787280585983,10.8,0.9937216413103641,1.3322676295501878e-15
0.5214285714285715,0.1,5.214285714285714,0.9359999999999999,0.064,0.0,0.5041743808399944,10.0,0.9939016286567014,9.992007221626409e-16
0.5214285714285715,0.1,5.214285714285714,0.918,0.082,0.0,0.5078713674895421,9.4,0.994059744531385,6.661338147750939e-16
0.5214285714285715,0.1,5.214285714285714,0.9,0.1,0.0,0.5116952280062329,8.8,0.9942054055062529,5.551115123125783e-16
0.5214285714285715,0.15000000000000002,3.476190476190476,0.99,0.01,0.0,0.3567637838765732,15.0,0.965337441614826,8.881784197001252e-16
0.5214285714285715,0.15000000000000002,3.476190476190476,0.972,0.028000000000000004,0.0,0.3620199690453278,12.200000000000001,0.966098737650494,6.661338147750939e-16
0.5214285714285715,0.15000000000000002,3.476190476190476,0.954,0.046000000000000006,0.0,0.36741626771947583,10.600000000000001,0.9668257378111773,1.1102230246251565e-15
0.5214285714285715,0.15000000000000002,3.476190476190476,0.9359999999999999,0.064,0.0,0.3729015658297242,9.600000000000001,0.967541328182076,6.661338147750939e-16
0.5214285714285715,0.15000000000000002,3.476190476190476,0.918,0.082,0.0,0.37847905767211193,8.8,0.9682498459656076,1.1102230246251565e-15
0.5214285714285715,0.15000000000000002,3.476190476190476,0.9,0.1,0.0,0.38419198339192273,8.200000000000001,0.9689528841709394,6.661338147750939e-16
0.5214285714285715,0.2,2.607142857142857,0.99,0.01,0.0,0.25269229679590216,15.600000000000001,0.9069085475069865,5.551115123125783e-16
0.5214285714285715,0.2,2.607142857142857,0.972,0.028000000000000004,0.0,0.2597470653387203,12.200000000000001,0.9091482539869278,4.440892098500626e-16
0.5214285714285715,0.2,2.607142857142857,0.954,0.046000000000000006,0.0,0.26690816715307036,10.600000000000001,0.9113456277741477,6.661338147750939e-16
0.5214285714285715,0.2,2.607142857142857,0.9359999999999999,0.064,0.0,0.27421705027793747,9.4,0.9135115621164778,8.881784197001252e-16
0.5214285714285715,0.2,2.607142857142857,0.918,0.082,0.0,0.281682360407068,8.4,0.9156486828283191,6.661338147750939e-16
0.5214285714285715,0.2,2.607142857142857,0.9,0.1,0.0,0.2892621694044924,7.6000000000000005,0.9177583339590404,5.551115123125783e-16
0.5214285714285715,0.25,2.085714285714286,0.99,0.01,0.0,0.17290144392238518,16.6,0.8215544390082364,4.440892098500626e-16
0.5214285714285715,0.25,2.085714285714286,0.972,0.028000000000000004,0.0,0.1816956418728802,12.4,0.8266704561249633,4.440892098500626e-16
0.5214285714285715,0.25,2.085714285714286,0.954,0.046000000000000006,0.0,0.1906543001549332,10.4,0.8316382073694526,1.1102230246251565e-15
0.5214285714285715,0.25,2.085714285714286,0.9359999999999999,0.064,0.0,0.19977964739053453,9.0,0.836476033206811,6.661338147750939e-16
0.5214285714285715,0.25,2.085714285714286,0.918,0.082,0.0,0.20909579323466246,7.800000000000001,0.8411932462342753,6.661338147750939e-16
0.5214285714285715,0.25,2.085714285714286,0.9,0.1,0.0,0.21859579095211637,7.0,0.8457969401064717,4.440892098500626e-16
0.5214285714285715,0.3,1.7380952380952384,0.99,0.01,0.0,0.1123864718974741,17.6,0.7135397709388193,1.6653345369377348e-15
0.5214285714285715,0.3,1.7380952380952384,0.972,0.028000000000000004,0.0,0.12293401535689294,12.4,0.7236790428240415,1.6653345369377348e-15
0.5214285714285715,0.3,1.7380952380952384,0.954,0.046000000000000006,0.0,0.1336945361890381,10.0,0.7332981012495721,6.661338147750939e-16
0.5214285714285715,0.3,1.7380952380952384,0.9359999999999999,0.064,0.0,0.14465330516532812,8.200000000000001,0.7424732769606993,4.440892098500626e-16
0.5214285714285715,0.3,1.7380952380952384,0.918,0.082,0.0,0.1558298371997442,7.0,0.7512536581417911,2.220446049250313e-16
0.5214285714285715,0.3,1.7380952380952384,0.9,0.1,0.0,0.1672228776637497,6.0,0.759677427552008,6.661338147750939e-16
0.6142857142857143,0.05,12.285714285714286,0.99,0.01,0.0,0.7152326784451524,12.8,0.9719893186270002,1.1102230246251565e-15
0.6142857142857143,0.05,12.285714285714286,0.972,0.028000000000000004,0.0,0.7166978770754284,10.8,0.9744468598318544,9.992007221626409e-16
0.6142857142857143,0.05,12.285714285714286,0.954,0.046000000000000006,0.0,0.7182474312395606,10.0,0.9755600809278517,4.440892098500626e-16
0.6142857142857143,0.05,12.285714285714286,0.9359999999999999,0.064,0.0,0.7197635030674152,9.4,0.9762771435538078,8.881784197001252e-16
0.6142857142857143,0.05,12.285714285714286,0.918,0.082,0.0,0.7213921289850302,8.8,0.9768037281670615,4.440892098500626e-16
0.6142857142857143,0.05,12.285714285714286,0.9,0.1,0.0,0.7230043508641489,8.4,0.9772186085971986,4.440892098500626e-16
0.6142857142857143,0.1,6.142857142857143,0.99,0.01,0.0,0.5432828585371654,12.4,0.9968605134318215,9.992007221626409e-16
0.6142857142857143,0.1,6.142857142857143,0.972,0.028000000000000004,0.0,0.5462911614562685,10.4,0.9970813027195604,6.661338147750939e-16
0.6142857142857143,0.1,6.142857142857143,0.954,0.046000000000000006,0.0,0.5493091954873587,9.4,0.9971977445164556,1.1102230246251565e-15
0.6142857142857143,0.1,6.142857142857143,0.9359999999999999,0.064,0.0,0.552429237002316,8.6,0.9972853660036102,5.551115123125783e-16
0.6142857142857143,0.1,6.142857142857143,0.918,0.082,0.0,0.5555299866750193,8.0,0.9973595552176052,1.1102230246251565e-15
0.6142857142857143,0.1,6.142857142857143,0.9,0.1,0.0,0.5588137810280945,7.6000000000000005,0.9974260620896856,8.881784197001252e-16
0.6142857142857143,0.15000000000000002,4.095238095238095,0.99,0.01,0.0,0.41397318987039444,12.600000000000001,0.9822140186163778,6.661338147750939e-16
0.6142857142857143,0.15000000000000002,4.095238095238095,0.972,0.028000000000000004,0.0,0.41840893515211997,10.200000000000001,0.9825799785908227,8.881784197001252e-16
0.6142857142857143,0.15000000000000002,4.095238095238095,0.954,0.046000000000000006,0.0,0.4229494140027689,9.200000000000001,0.9829336336332763,9.992007221626409e-16
0.6142857142857143,0.15000000000000002,4.095238095238095,0.9359999999999999,0.064,0.0,0.427596945170551,8.4,0.9832833467171801,4.440892098500626e-16
0.6142857142857143,0.15000000000000002,4.095238095238095,0.918,0.082,0.0,0.4323462647450685,7.6000000000000005,0.9836307373948334,4.440892098500626e-16
0.6142857142857143,0.15000000000000002,4.095238095238095,0.9,0.1,0.0,0.4372431499074986,7.2,0.9839764234147667,7.771561172376096e-16
0.6142857142857143,0.2,3.0714285714285716,0.99,0.01,0.0,0.3123000723835535,13.0,0.9457952147584165,4.440892098500626e-16
0.6142857142857143,0.2,3.0714285714285716,0.972,0.028000000000000004,0.0,0.31824681453936254,10.4,0.946977436927659,8.881784197001252e-16
0.6142857142857143,0.2,3.0714285714285716,0.954,0.046000000000000006,0.0,0.32436680497509274,9.0,0.9481479305729265,1.1102230246251565e-15
0.6142857142857143,0.2,3.0714285714285716,0.9359999999999999,0.064,0.0,0.3305254301356223,8.0,0.949308628178108,8.881784197001252e-16
0.6142857142857143,0.2,3.0714285714285716,0.918,0.082,0.0,0.33688603947655715,7.4,0.9504601546799102,8.881784197001252e-16
0.6142857142857143,0.2,3.0714285714285716,0.9,0.1,0.0,0.34333877106519894,6.800000000000001,0.9516028023615076,4.440892098500626e-16
0.6142857142857143,0.25,2.4571428571428573,0.99,0.01,0.0,0.23118234182871042,13.4,0.8884276509924924,6.661338147750939e-16
0.6142857142857143,0.25,2.4571428571428573,0.972,0.028000000000000004,0.0,0.23867257474368198,10.4,0.8912026068353044,8.881784197001252e-16
0.6142857142857143,0.25,2.4571428571428573,0.954,0.046000000000000006,0.0,0.2462483483286358,9.0,0.8939320719046396,4.440892098500626e-16
0.6142857142857143,0.25,2.4571428571428573,0.9359999999999999,0.064,0.0,0.254026805765885,7.800000000000001,0.896619275749969,7.771561172376096e-16
0.6142857142857143,0.25,2.4571428571428573,0.918,0.082,0.0,0.26193444393859433,7.0,0.8992656971153216,6.661338147750939e-16
0.6142857142857143,0.25,2.4571428571428573,0.9,0.1,0.0,0.2699999179241707,6.4,0.9018728805676224,4.440892098500626e-16
0.6142857142857143,0.3,2.047619047619048,0.99,0.01,0.0,0.16650673935744445,14.200000000000001,0.8124319591168284,1.1102230246251565e-15
0.6142857142857143,0.3,2.047619047619048,0.972,0.028000000000000004,0.0,0.17546960345151308,10.600000000000001,0.8178908505570103,8.881784197001252e-16
0.6142857142857143,0.3,2.047619047619048,0.954,0.046000000000000006,0.0,0.18459657035338298,8.8,0.8231953268319191,4.440892098500626e-16
0.6142857142857143,0.3,2.047619047619048,0.9359999999999999,0.064,0.0,0.19388978401387083,7.6000000000000005,0.8283562592933744,4.440892098500626e-16
0.6142857142857143,0.3,2.047619047619048,0.918,0.082,0.0,0.2033854933696439,6.6000000000000005,0.8333823471112758,1.2212453270876722e-15
0.6142857142857143,0.3,2.047619047619048,0.9,0.1,0.0,0.21304259727788594,5.800000000000001,0.8382818836542427,4.440892098500626e-16
0.7071428571428572,0.05,14.142857142857142,0.99,0.01,0.0,0.7426906498454083,11.200000000000001,0.9736977990701877,6.661338147750939e-16
0.7071428571428572,0.05,14.142857142857142,0.972,0.028000000000000004,0.0,0.7439848384150574,9.600000000000001,0.9756892665140358,4.440892098500626e-16
0.7071428571428572,0.05,14.142857142857142,0.954,0.046000000000000006,0.0,0.7453099285022589,8.8,0.9765993146249918,6.661338147750939e-16
0.7071428571428572,0.05,14.142857142857142,0.9359999999999999,0.064,0.0,0.746655662659639,8.200000000000001,0.9771881417637136,6.661338147750939e-16
0.7071428571428572,0.05,14.142857142857142,0.918,0.082,0.0,0.7480365007636903,7.800000000000001,0.9776218522224949,6.661338147750939e-16
0.7071428571428572,0.05,14.142857142857142,0.9,0.1,0.0,0.7493874093271086,7.4,0.9779643164596346,4.440892098500626e-16
0.7071428571428572,0.1,7.071428571428571,0.99,0.01,0.0,0.5833546848365112,10.8,0.9983565017911945,6.661338147750939e-16
0.7071428571428572,0.1,7.071428571428571,0.972,0.028000000000000004,0.0,0.5858846426238123,9.0,0.9984981985379453,1.3322676295501878e-15
0.7071428571428572,0.1,7.071428571428571,0.954,0.046000000000000006,0.0,0.5886054120009564,8.200000000000001,0.99856811498853,9.992007221626409e-16
0.7071428571428572,0.1,7.071428571428571,0.9359999999999999,0.064,0.0,0.5912991508149907,7.6000000000000005,0.9986178372810564,5.551115123125783e-16
0.7071428571428572,0.1,7.071428571428571,0.918,0.082,0.0,0.594015128585959,7.2,0.9986580960072987,9.992007221626409e-16
0.7071428571428572,0.1,7.071428571428571,0.9,0.1,0.0,0.5968374738990765,6.800000000000001,0.9986928915803353,4.440892098500626e-16
0.7071428571428572,0.15000000000000002,4.7142857142857135,0.99,0.01,0.0,0.4610021441191714,10.8,0.9906952587365634,6.661338147750939e-16
0.7071428571428572,0.15000000000000002,4.7142857142857135,0.972,0.028000000000000004,0.0,0.46490169213641924,9.0,0.9908809291895255,1.1102230246251565e-15
0.7071428571428572,0.15000000000000002,4.7142857142857135,0.954,0.046000000000000006,0.0,0.46890184581325345,8.0,0.9910607081931401,1.3322676295501878e-15
0.7071428571428572,0.15000000000000002,4.7142857142857135,0.9359999999999999,0.064,0.0,0.4728585922906405,7.4,0.9912386952770375,4.440892098500626e-16
0.7071428571428572,0.15000000000000002,4.7142857142857135,0.918,0.082,0.0,0.47707049094004833,6.800000000000001,0.991415778659419,8.881784197001252e-16
0.7071428571428572,0.15000000000000002,4.7142857142857135,0.9,0.1,0.0,0.4812659102718972,6.4,0.9915921713272928,1.3322676295501878e-15
0.7071428571428572,0.2,3.5357142857142856,0.99,0.01,0.0,0.3627253432323379,11.0,0.9676678310753555,5.551115123125783e-16
0.7071428571428572,0.2,3.5357142857142856,0.972,0.028000000000000004,0.0,0.36792790719433105,9.0,0.9683315844199575,4.440892098500626e-16
0.7071428571428572,0.2,3.5357142857142856,0.954,0.046000000000000006,0.0,0.3732192284673221,7.800000000000001,0.9689909405151635,6.661338147750939e-16
0.7071428571428572,0.2,3.5357142857142856,0.9359999999999999,0.064,0.0,0.37857536116303525,7.2,0.9696469885329255,6.661338147750939e-16
0.7071428571428572,0.2,3.5357142857142856,0.918,0.082,0.0,0.38410396462606183,6.6000000000000005,0.970299976587997,6.661338147750939e-16
0.7071428571428572,0.2,3.5357142857142856,0.9,0.1,0.0,0.38967599077357806,6.0,0.9709498275292846,2.3314683517128287e-15
0.7071428571428572,0.25,2.8285714285714287,0.99,0.01,0.0,0.28237929266271805,11.4,0.9283619631743274,8.881784197001252e-16
0.7071428571428572,0.25,2.8285714285714287,0.972,0.028000000000000004,0.0,0.28886532668352616,9.0,0.929988092085709,7.771561172376096e-16
0.7071428571428572,0.25,2.8285714285714287,0.954,0.046000000000000006,0.0,0.295472255093012,7.800000000000001,0.9315976486343701,9.992007221626409e-16
0.7071428571428572,0.25,2.8285714285714287,0.9359999999999999,0.064,0.0,0.30219111722788927,7.0,0.9331911047738621,6.661338147750939e-16
0.7071428571428572,0.25,2.8285714285714287,0.918,0.082,0.0,0.30900678183699426,6.4,0.9347688225506537,2.220446049250313e-16
0.7071428571428572,0.25,2.8285714285714287,0.9,0.1,0.0,0.31607192008364615,5.800000000000001,0.9363310886344697,6.661338147750939e-16
0.7071428571428572,0.3,2.357142857142857,0.99,0.01,0.0,0.21621662831636715,11.8,0.8737816720746225,6.661338147750939e-16
0.7071428571428572,0.3,2.357142857142857,0.972,0.028000000000000004,0.0,0.22395250107328846,9.0,0.8770200103374355,1.1102230246251565e-15
0.7071428571428572,0.3,2.357142857142857,0.954,0.046000000000000006,0.0,0.23189574492978984,7.800000000000001,0.880200243367879,6.661338147750939e-16
0.7071428571428572,0.3,2.357142857142857,0.9359999999999999,0.064,0.0,0.24000935501456544,6.800000000000001,0.8833246145269776,8.881784197001252e-16
0.7071428571428572,0.3,2.357142857142857,0.918,0.082,0.0,0.2482383003134313,6.0,0.8863954129622071,7.771561172376096e-16
0.7071428571428572,0.3,2.357142857142857,0.9,0.1,0.0,0.25663271873161114,5.4,0.8894147978780219,7.771561172376096e-16
0.8,0.05,16.0,0.99,0.01,0.0,0.7648432504592608,10.0,0.9748922555994677,4.440892098500626e-16
0.8,0.05,16.0,0.972,0.028000000000000004,0.0,0.7659849643534368,8.6,0.9765638911862439,8.881784197001252e-16
0.8,0.05,16.0,0.954,0.046000000000000006,0.0,0.7671382206798509,7.800000000000001,0.9773329048070346,6.661338147750939e-16
0.8,0.05,16.0,0.9359999999999999,0.064,0.0,0.768367174033204,7.4,0.9778321970750402,6.661338147750939e-16
0.8,0.05,16.0,0.918,0.082,0.0,0.7695791570765294,7.0,0.9782008138116326,8.881784197001252e-16
0.8,0.05,16.0,0.9,0.1,0.0,0.7707515941489805,6.800000000000001,0.9784923854956994,1.2212453270876722e-15
0.8,0.1,8.0,0.99,0.01,0.0,0.6163031894912607,9.600000000000001,0.9989737523844323,4.440892098500626e-16
0.8,0.1,8.0,0.972,0.028000000000000004,0.0,0.6184832651481414,8.0,0.9990758139224034,7.771561172376096e-16
0.8,0.1,8.0,0.954,0.046000000000000006,0.0,0.6208632044914162,7.4,0.9991238425153081,9.992007221626409e-16
0.8,0.1,8.0,0.9359999999999999,0.064,0.0,0.6233121287940108,6.800000000000001,0.9991564818691376,6.661338147750939e-16
0.8,0.1,8.0,0.918,0.082,0.0,0.6257391416745391,6.4,0.999181847046819,4.440892098500626e-16
0.8,0.1,8.0,0.9,0.1,0.0,0.6280871603869762,6.0,0.9992029995048922,5.551115123125783e-16
0.8,0.15000000000000002,5.333333333333333,0.99,0.01,0.0,0.5004526170577088,9.600000000000001,0.9950734663156044,8.881784197001252e-16
0.8,0.15000000000000002,5.333333333333333,0.972,0.028000000000000004,0.0,0.5038223099223798,8.0,0.9951707174907766,1.1102230246251565e-15
0.8,0.15000000000000002,5.333333333333333,0.954,0.046000000000000006,0.0,0.5072687070764794,7.2,0.9952645795615263,7.771561172376096e-16
0.8,0.15000000000000002,5.333333333333333,0.9359999999999999,0.064,0.0,0.5109247992190367,6.6000000000000005,0.9953574484770403,8.881784197001252e-16
0.8,0.15000000000000002,5.333333333333333,0.918,0.082,0.0,0.51447755961881,6.2,0.9954497953964797,6.661338147750939e-16
0.8,0.15000000000000002,5.333333333333333,0.9,0.1,0.0,0.5182887572349845,5.800000000000001,0.9955418903988696,4.440892098500626e-16
0.8,0.2,4.0,0.99,0.01,0.0,0.4057726603497415,9.600000000000001,0.9803989851571298,4.440892098500626e-16
0.8,0.2,4.0,0.972,0.028000000000000004,0.0,0.410355770776459,7.800000000000001,0.9807855063268328,8.881784197001252e-16
0.8,0.2,4.0,0.954,0.046000000000000006,0.0,0.41513611097282077,7.0,0.9811707483074517,1.3322676295501878e-15
0.8,0.2,4.0,0.9359999999999999,0.064,0.0,0.41988462937719007,6.4,0.981554791064836,8.881784197001252e-16
0.8,0.2,4.0,0.918,0.082,0.0,0.4246499194656558,5.800000000000001,0.9819377915255871,6.661338147750939e-16
0.8,0.2,4.0,0.9,0.1,0.0,0.4295875424797425,5.4,0.9823193575873467,6.661338147750939e-16
0.8,0.25,3.2,0.99,0.01,0.0,0.3269919283109568,10.0,0.9531293155033247,6.661338147750939e-16
0.8,0.25,3.2,0.972,0.028000000000000004,0.0,0.3327562643236838,8.0,0.954129393789231,6.661338147750939e-16
0.8,0.25,3.2,0.954,0.046000000000000006,0.0,0.33859740934798593,7.0,0.9551225013692789,4.440892098500626e-16
0.8,0.25,3.2,0.9359999999999999,0.064,0.0,0.344611558064191,6.2,0.9561090909725123,4.440892098500626e-16
0.8,0.25,3.2,0.918,0.082,0.0,0.3505721215934974,5.800000000000001,0.9570889301712016,6.661338147750939e-16
0.8,0.25,3.2,0.9,0.1,0.0,0.35683017707649384,5.2,0.9580623587034505,1.3322676295501878e-15
0.8,0.3,2.666666666666667,0.99,0.01,0.0,0.26090531114168375,10.200000000000001,0.9133419474444194,5.551115123125783e-16
0.8,0.3,2.666666666666667,0.972,0.028000000000000004,0.0,0.2677834120743794,8.0,0.9153798385574533,4.440892098500626e-16
0.8,0.3,2.666666666666667,0.954,0.046000000000000006,0.0,0.2747519564666109,6.800000000000001,0.9173928977588646,4.440892098500626e-16
0.8,0.3,2.666666666666667,0.9359999999999999,0.064,0.0,0.2818490018700185,6.2,0.9193818585519107,9.992007221626409e-16
0.8,0.3,2.666666666666667,0.918,0.082,0.0,0.28914459583450547,5.6000000000000005,0.9213473448030235,6.661338147750939e-16
0.8,0.3,2.666666666666667,0.9,0.1,0.0,0.29663753646111624,5.0,0.9232897978350045,4.440892098500626e-16
